{"cameraMode":{"drawMode":0,"name":"Shaded","section":"Shading Mode"},"sceneLighting":true,"audioPlay":false,"sceneViewState":{"showFog":true,"showMaterialUpdate":false,"showSkybox":true,"showFlares":true,"showImageEffects":true,"showParticleSystems":true},"in2DMode":false,"pivot":{"x":-6.884178638458252,"y":0.2006014734506607,"z":-5.121522426605225},"rotation":{"x":-0.021302009001374246,"y":-0.023995105177164079,"z":0.0005167631898075342,"w":-0.9994982481002808},"size":130.1348876953125,"orthographic":false}