{"cameraMode":{"drawMode":0,"name":"Shaded","section":"Shading Mode"},"sceneLighting":false,"audioPlay":false,"sceneViewState":{"showFog":true,"showMaterialUpdate":false,"showSkybox":false,"showFlares":true,"showImageEffects":true,"showParticleSystems":true},"in2DMode":false,"pivot":{"x":-0.8525617122650147,"y":0.8820371627807617,"z":-4.569170951843262},"rotation":{"x":-0.09765204042196274,"y":0.006566543597728014,"z":-0.0006444518803618848,"w":-0.9952044486999512},"size":0.8573652505874634,"orthographic":false}