{"cameraMode":{"drawMode":0,"name":"Shaded","section":"Shading Mode"},"sceneLighting":false,"audioPlay":false,"sceneViewState":{"showFog":true,"showMaterialUpdate":false,"showSkybox":false,"showFlares":true,"showImageEffects":true,"showParticleSystems":true},"in2DMode":false,"pivot":{"x":-6.884178638458252,"y":0.2006014734506607,"z":-5.121522426605225},"rotation":{"x":-0.009779834188520909,"y":-0.9568950533866882,"z":0.28848010301589968,"w":-0.03244522586464882},"size":2.4582736492156984,"orthographic":false}